{
  "users": [
    {
      "id": "3",
      "first": "Larry",
      "last": "Bird",
      "handle": "@larry"
    },
    {
      "id": "4",
      "first": "Rahul",
      "last": "Sharma",
      "handle": "@rahuls"
    },
    {
      "id": "5",
      "first": "Amit",
      "last": "Verma",
      "handle": "@amitv"
    },
    {
      "id": "6",
      "first": "Neha",
      "last": "Singh",
      "handle": "@nehas"
    },
    {
      "id": "7",
      "first": "Priya",
      "last": "Mehta",
      "handle": "@priyam"
    },
    {
      "id": "8",
      "first": "Rohit",
      "last": "Gupta",
      "handle": "@rohitg"
    },
    {
      "id": "9",
      "first": "Ankit",
      "last": "Jain",
      "handle": "@ankitj"
    },
    {
      "id": "10",
      "first": "Pooja",
      "last": "Kumar",
      "handle": "@poojak"
    },
    {
      "id": "11",
      "first": "Suresh",
      "last": "Yadav",
      "handle": "@sureshy"
    },
    {
      "id": "12",
      "first": "Karan",
      "last": "Malhotra",
      "handle": "@karanm"
    },
    {
      "id": "13",
      "first": "Sneha",
      "last": "Kapoor",
      "handle": "@snehak"
    },
    {
      "id": "14",
      "first": "Vikas",
      "last": "Agarwal",
      "handle": "@vikasa"
    },
    {
      "id": "15",
      "first": "Nitin",
      "last": "Bansal",
      "handle": "@nitinb"
    },
    {
      "id": "16",
      "first": "Riya",
      "last": "Chopra",
      "handle": "@riyac"
    },
    {
      "id": "17",
      "first": "Arjun",
      "last": "Patel",
      "handle": "@arjunp"
    },
    {
      "id": "18",
      "first": "Simran",
      "last": "Kaur",
      "handle": "@simrank"
    },
    {
      "id": "19",
      "first": "Mohit",
      "last": "Saxena",
      "handle": "@mohits"
    },
    {
      "id": "20",
      "first": "Isha",
      "last": "Gupta",
      "handle": "@ishag"
    },
    {
      "id": "21",
      "first": "Aditya",
      "last": "Mishra",
      "handle": "@adityam"
    },
    {
      "id": "22",
      "first": "Kavya",
      "last": "Nair",
      "handle": "@kavyan"
    },
    {
      "id": "23",
      "first": "Siddharth",
      "last": "Rao",
      "handle": "@siddhar"
    },
    {
      "id": "24",
      "first": "Ayesha",
      "last": "Khan",
      "handle": "@ayeshak"
    },
    {
      "id": "25",
      "first": "Manish",
      "last": "Pandey",
      "handle": "@manishp"
    },
    {
      "id": "26",
      "first": "Divya",
      "last": "Joshi",
      "handle": "@divyaj"
    },
    {
      "id": "27",
      "first": "Rakesh",
      "last": "Choudhary",
      "handle": "@rakeshc"
    },
    {
      "id": "28",
      "first": "Tanvi",
      "last": "Shah",
      "handle": "@tanvis"
    },
    {
      "id": "29",
      "first": "Deepak",
      "last": "Arora",
      "handle": "@deepaka"
    },
    {
      "id": "30",
      "first": "Nisha",
      "last": "Malik",
      "handle": "@nisham"
    },
    {
      "id": "31",
      "first": "Harsh",
      "last": "Vardhan",
      "handle": "@harshv"
    },
    {
      "id": "32",
      "first": "Payal",
      "last": "Goyal",
      "handle": "@payalg"
    },
    {
      "id": "33",
      "first": "Varun",
      "last": "Khanna",
      "handle": "@varunk"
    },
    {
      "id": "34",
      "first": "Mehul",
      "last": "Desai",
      "handle": "@mehuld"
    },
    {
      "id": "35",
      "first": "Anjali",
      "last": "Rastogi",
      "handle": "@anjalir"
    },
    {
      "id": "36",
      "first": "Sanjay",
      "last": "Kulkarni",
      "handle": "@sanjayk"
    },
    {
      "id": "37",
      "first": "Ritu",
      "last": "Bhatia",
      "handle": "@ritub"
    },
    {
      "id": "38",
      "first": "Aakash",
      "last": "Sinha",
      "handle": "@aakashs"
    },
    {
      "id": "39",
      "first": "Pankaj",
      "last": "Tripathi",
      "handle": "@pankajt"
    },
    {
      "id": "40",
      "first": "Monika",
      "last": "Arun",
      "handle": "@monikaa"
    },
    {
      "id": "41",
      "first": "Shubham",
      "last": "Dwivedi",
      "handle": "@shubhamd"
    },
    {
      "id": "42",
      "first": "Bhavya",
      "last": "Mittal",
      "handle": "@bhavyam"
    },
    {
      "id": "43",
      "first": "Gaurav",
      "last": "Negi",
      "handle": "@gauravn"
    },
    {
      "id": "44",
      "first": "Sonali",
      "last": "Sen",
      "handle": "@sonalis"
    },
    {
      "id": "45",
      "first": "Yash",
      "last": "Ahuja",
      "handle": "@yasha"
    },
    {
      "id": "46",
      "first": "Rituja",
      "last": "Pawar",
      "handle": "@ritujap"
    },
    {
      "id": "47",
      "first": "Kunal",
      "last": "Mathur",
      "handle": "@kunalm"
    },
    {
      "id": "48",
      "first": "Swati",
      "last": "Roy",
      "handle": "@swatir"
    },
    {
      "id": "49",
      "first": "Naveen",
      "last": "Iyer",
      "handle": "@naveeni"
    },
    {
      "id": "50",
      "first": "Tanya",
      "last": "Sood",
      "handle": "@tanyas"
    },
    {
      "id": "7bfb",
      "first": "sdfds",
      "last": "sdf",
      "handle": "@df"
    }
  ]
}